{"cameraMode":{"drawMode":0,"name":"Shaded","section":"Shading Mode"},"sceneLighting":true,"audioPlay":false,"sceneViewState":{"m_AlwaysRefresh":false,"showFog":true,"showSkybox":true,"showFlares":true,"showImageEffects":true,"showParticleSystems":true,"showVisualEffectGraphs":true,"m_FxEnabled":true},"in2DMode":false,"pivot":{"x":-4.686428070068359,"y":3.0268943309783937,"z":0.32035160064697268},"rotation":{"x":0.05511486157774925,"y":-0.9145541191101074,"z":0.1328396499156952,"w":0.3781757950782776},"size":9.005084991455079,"orthographic":false}