{"cameraMode":{"drawMode":0,"name":"Shaded","section":"Shading Mode"},"sceneLighting":true,"audioPlay":false,"sceneViewState":{"m_AlwaysRefresh":false,"showFog":true,"showSkybox":true,"showFlares":true,"showImageEffects":true,"showParticleSystems":true,"showVisualEffectGraphs":true,"m_FxEnabled":true},"in2DMode":false,"pivot":{"x":-0.3949603736400604,"y":-0.003594339359551668,"z":1.0303077697753907},"rotation":{"x":-0.032819364219903949,"y":0.9305467009544373,"z":0.35470181703567507,"w":0.08562642335891724},"size":0.004725479055196047,"orthographic":false}